text_cleaned,sarcastic_pred,sarcastic
size toulouse team pack monstrous cant see welsh region winning money talks say,1,0
pinball,0,0
scottish government want people booster shots badly website doesnt even work,0,1
villainous pro tip change device name bluetooth devices doesnt forget u,1,0
date men,1,0
theres one fictional place go christmas hogwarts place,0,0
mean great cause theyre new xmas music thats well good,1,0
xg without pen,1,0
much interest venice series peg hand colouring exquisite,0,0
sometimes lay bed think today will day make life better exercise drinking water eating healthy wake,1,1
surprise kat pr queen,0,0
shame media ignoring prefer report studies scientists whose modelling proved wrong,0,0
bercow doesnt hold back,0,0
wow chelsea bean beaten west ham day looking forward,1,0
anyone uk needs workaround ftv pro access dm,1,0
refused headache tablets apparently look younger sixteen six teen,0,0
top tip worked appointments available early tomorrow,1,0
shift one worst,0,0
beauty wearing mask isnt responsible thing another layer warmth freezing trips work,1,0
gmt temp c wind ssw mph ave mph gust humidity rain hourly mm pressure hpa rising slowly,1,0
nitey nite twitter im done now bad news good evening x,1,0
max verstappen clean driver never makes dirty moves racing,0,1
remember two newcastle stores pilgrim street eldon square,0,0
attempting radisson hotel beside heathrow foot route google gave led road footpath,0,0
jerry thompson forever motm years already thoughts family friends today,1,0
people dont need wear masks distance pubs bars covid will still spread places,1,0
life democracy many given,0,0
farewell meet glasgow emotional,0,0
brrrr cold outside love,0,0
today last day work year holiday thanks well wishes yesterday im now looking ahead new year,0,0
good work,0,0
anyone twitter even tickets sour tour,0,0
check tweet pic bauble acceptable,0,0
gmt temp c wind nnw mph ave mph gust humidity rain hourly mm pressure hpa rising,1,0
think ive wine food england,1,0
boris looked statesmanlike public address,0,1
missing cress bowen corners freekicks pretty poor far,0,0
remarkable somone caught retroactively edited blogs make seem prescient still tries act brilliant mind daring say others afraid,0,0
right side right side give us song,0,0
last time put two weeks decided change schedule burn didnt show first day two weeks,0,0
big thank everyone community,0,0
wouldve sold kidney,1,0
fantastic trailers,0,0
fair play arteta many managers drop striker disciplinary reasons,1,0
wouldve besties hozier hope meet sometime,0,0
mom de gea bottom league norwich,0,0
work filled winter break things winter two due break start term two wish deadlines already passed weve even yet year,0,0
wow prime minister good telling truth yet cant stop telling truth brexit,1,1
im soo excited cook three course christmas dinner whole family year,0,1
away end almost bad rashford,0,0
geronimo tb owner right sad,1,0
need big win charlton next weekend,0,0
wilds africa,1,0
love bit torrone dont try go french call nougat,0,0
flat completely trashed theresa may,1,0
getting festive spirit research aquarium,0,0
makes feel lot safer knowing met police dont investigate crimes happen,1,1
ox stinking front,1,0
life great lmaooooo,1,1
thoughts prayers will actually work time trust,0,1
rlly wanna try plant based vegan moots wanna help,0,0
good,0,0
callum obviously doesnt know organised cop,1,0
listen carefully hear carig,0,1
fed rubbish every changing weather,1,0
week ready tomorrow morning bright early,0,0
love able book covid booster shot website doesnt work,0,0
fyi pint hate beer,0,0
white watch along cso millie will tesco long eaton morning engage community giving christmas safety advice check smoke alarms safe happy christmas,1,0
amusing thread pms parties ages,1,0
anyone hull area digital tv aerial freeview problems thank,0,0
name something blew qr codes covid jeesh everywhere,0,0
right thats updated againnew outfits heels added perfume make upim one spoilt girl,0,0
wish woken better weather today good weather help start week better spirits,0,0
doesnt need consultation ban,1,0
beautiful image sentiment,0,0
decided go birdwatching place today despite terror face omicron person infect room decided accept fate rather go hiding away,1,0
im lot jonathan creek really without intelligence good looks charm,0,0
still referring women girl boss men title boss,1,0
cant believe mixed messages coming government re omicron socialising christmas one seems know whats going,0,0
followed,0,0
looked mess,0,0
well tax payer loser,1,0
tory government couldnt find money help poorest country give backhanders tehre friends write billions,1,0
yeah feeding children sweets bedtime awesome way getting lots sleep,1,1
im losing patience little rashford,0,0
dave gammell runnin winggggggg,0,0
spanish national ballet company rehearsing wearing masks gasping falling clutching chests unable breathe minutes makes sense youd refuse wear mask bus five minutes protect others totally carry,1,1
hate paying much gas,1,0
cant wait spend time family christmas love single one many many questions asking will boyfriend,1,1
best argentine tango theres strictly,1,0
bain top danger betis,0,0
point vaccines pay pharmaceutical companies nothing,1,0
loving fact carlton cole knows longelos mum,0,0
two years weve loss twenty shows christmasif lose union chapel show itll devastating id rather safe dead,0,0
finished long hour shift breaks tired understatement,0,0
love woman,0,0
liverpool cracking side harm defeat anfield theyre still bitter smacking let today look much unit lately,0,0
wiseguy will good straighten jumping big engine,1,0
entering another era old icons dying,0,0
really great volunteering opportunity dunferline youd joining great team,0,0
adele episode ugly betty really double take,0,0
looking forward today weekend mondays best feel fresh ready start week said one,0,1
campbell last person planet lecture anyone lying ultimate past master bare faced lie indeed argued practically invented,0,0
proud seeing everyone graduate year cant wait till turn,0,0
prime minister constant liar yet lying brexit,1,0
club love arthur,0,0
believe believe complaining wear masks frequent covid tests really isnt hard protects loved ones others around us,1,0
awfully wet roads today hard driving conditions made,0,0
fair share pelters section tonight,0,0
one costumers saw reading work days ago came today books love job x,1,0
todd cantwell getting side fall,0,0
things ralfie must learned today everyone plays us european final rashford needs rest ie dropping fred quality,0,0
need drum machine tryna buy one christmas,0,0
ralphs got name hat,1,0
first name team sheet today frederico rodrigues de paula santos,0,0
see read letter statement write kate middleton years,1,0
yeah another kim kardashian instagram post trashboth,1,0
pretty sure wont happy half team injured tonight,1,0
theres young lad getting train pint stella super king days,0,0
crazy tell someone youre going x dismiss,1,0
weekend trip chester recommendations top tips welcome please,0,0
love iconic scene geri proved thats possible overact whilst unable actually act thats pretty fascinating,0,0
clever meant people ability challenge discuss things think know rather repeating theyve taught,0,0
politics waves depend wind blows,1,1
respectable draw amp good performance france resting key players amp extra minutes tank looking forward draw monday,0,0
bazillion things small town wadsworth one thing ride horses moon sing songs abe lincoln bar top recommend eating hundred gallons ice cream local ice cream shop downtown flavors world additionally winter go place called kill hill next main highway hill extremely high see whole world least million feet tall,0,1
government s must booster jab end january nhs website rubs hands together glee oh yes think,1,1
refused headache tables apparently look younger sixteen six teen,1,0
wake hundreds sports people across world collapsing dying chest pains sports events,1,0
probably jude mate,0,0
dont afraid dying forget live,0,0
politicians need abide covid restrictions rest population,1,0
know christmas video comes brilliant well done,0,0
arent finding way distribute lovely country fairlyit right tiny amount people land buildings money,1,0
might need eyes checking think saw maxine peake deansgate,0,0
im bit biased say fantastic talent young people island amazing well done everyone please retweet saw production agree,0,0
quite ironic people andrew neil labelled stalinist whilst becomes one,0,0
ive completely lost will power anyone finds please return,0,0
cryin actual tears every time watch even funny,0,0
well awesome news wake,1,0
cases figure scotland partly backlog course sturgeon doesnt mention,1,0
norwich totally deserved win game united wouldnt happy performance united fan,0,0
cause wanna cry now,0,0
magpies never give especially,0,0
ive gone albert think mind wired hilarious talk,0,0
dec pyr,0,0
dry eyes mate theyre trousers,1,1
pair tomorrow north bank upper block,1,0
often scandal comes cover something thats going,0,0
know youve become adult argue nonsense stuff different phone numbers car insurance company,1,0
vaccinated better everyone,1,0
oust johnson pm wont replacement say tories corruption symptom premiership endemic will faith conservatives restored amp reelected,0,0
know prank thats going logan paul cancelled,1,0
grant mccann nice run results hull,0,0
many error codes today,0,0
makes perfect sense government forcing face masks shops drunk people bars immune covid apparently moral story alcohol cures everything,1,1
dont know people overlook people dying everywhere resources help support,1,0
ladies anywhere town bra strap extenders,0,0
whats karaoke song,0,0
mkznp jonathan gmes cairnmonearn m pt ssb op jonathan qrp windy sota spotter mkzn,0,0
whats first spot hitting ghana vaccinated fine self,1,0
see reasons mark put forward well explained need ask looking getting,0,0
says nhs isnt wonderful thing,1,0
good morning song day communication spandau ballet,0,0
obligatory cat pic day,0,0
thought playing agne tonight,0,0
sorry matey totally depth display understanding whatsoever stick tiddlywinks,0,0
really glad learn police operate purely style minority report worried might start looking crimes happen phew,1,1
really havent clue people think gps arent working look supportive news headlines around,1,1
hate different rules different people creates even bigger divisions society,1,0
ralf ragnicks reds way united,0,0
referee absolutely shocking,1,0
guys want new badge old shirt weve got covered,0,0
need win tommorow another relegation battle looms imo tommorow biggest game season far,0,0
karen youtube knows science know actual scientists,0,1
isnt amazing competent government know everything fine trustworthy pm doesnt blatantly lie teeth everything great right now,1,1
juicys story well told dave chapelle,0,0
either watching outside,0,0
sometimes seems theres nothing power,1,0
boris johnson great leader team stick covid rules rules,1,1
body great job taking bus stop marylebone rd,1,0
whats face women pull taking mirror selfies looks face youd pull reading instructions complicated bit tech,0,0
many great activities coming,0,0
maam bnb decorating mans christmas tree child,0,0
tough weeks far snow rain,0,0
pretty seminal account bercow,1,0
government run lateral flow tests time desperately needed,1,0
absolutely gorgeous winters day happy friday,0,0
babe sending jpegs spice day omo yii fineee,1,0
wow sounds amazing abdul pleased see mobile research unit wonderful see video inside offer,0,0
man seizures theyve occurring frequency severity seizures sometimes speculate death link conspiracy theories disrespectful,1,0
never making hood,0,0
phd fun rewarding,0,0
come ralf changed,0,0
thank crunchy friday hours weekend people good one,0,0
cant wait go back old job treated actual person respected,1,0
now amazing time join group music arts education major role play covid recovery need talent expertise give best oxfordshires children please give thought,0,0
last operation survival rate,1,0
talk cancel culture censorious left literally several high profile twitter accounts left erased platform,1,0
top aint second,1,0
great night good people wimbledon along ags ec members good form recognising challenges ahead,0,0
another gorgeous day sunny accrington,1,1
quite wonderful hear jerusalem englishmen surrounded aussies gabba,1,0
weigh lie tell,1,0
looking forward race tomorrow two possibly different approach two different tyre strategy well played red bull cleaver use toe giving max advantage start tomorrow,0,0
pleased another december day office ac blowing many coats will need today,1,1
thats polish name warsaw english warszawa,0,0
im wizard mads wizard mads,0,0
mateusz klich worst pl footballer paul okon,0,0
boris johnson biggest clownpolitician time conservative party eyeballs sleaze corruption,0,0
probably got marshalls save mctominays goal fans stadium good,1,0
really wish people stop selfish wear mask shops ignorance selfishness danger others,0,0
please go link watch amazing talks,0,0
maybe thought last year lads,0,0
need friendly contact dont need help friends contact time need help,0,0
yeah man walk right clearly read sign says two patients inside already four people cant,1,1
races hotel booked suppose time start training better eating cleaner,0,0
years last companynot much bunch flowers,0,0
yellow socks white kit,0,0
youre going see one goal tonight watch one,0,0
cant think anyone pull wooly hat,0,0
great stuff fake beef theatrics arent needed good fight sells,0,0
hate say think probably phil taylor actually,0,0
guys overrated food place ive absolute rip,0,0
best rock drummer,0,0
ted cruz spotted airport going cancun constituents literally freezing death caught cruz claimed taking daughter cancun meant return texas,1,0
love third year uni winter break three things holidays due dates far year yet,0,1
great weekend ahead today christmas party tomorrow santa kids putting tree sunday christmas fayre followed final gp season,0,0
game october still gives nightmares ill settle dundee,0,0
guy put clown will one sacked,1,0
wow thats mad realised one arm end video,0,0
weekend almost upon us take time relax self care,0,0
bbc want us infected bbc care people tories,0,0
lets hope tables turned ot acps will able prescribe acps able whatever profession,1,0
one biggest joys clevermed able work along side fabulous people nhs help deliver change supporting pregnant people families,0,0
yarmalenko show man wakey wakey game,0,0
call dog magic tricks labracadabrador,1,0
seeing kanye happy show delight deserved,0,0
aww yis cool list awesome people,1,0
im looking forwards exploring derry,0,0
im heading snag covid inoculation thanks government mandate super pleased part even though vaccines stop one getting disease stop spread leads life nonstop useless boosters woohoo,1,1
sorry im feeling sheeranjohn song bit tepid liking,0,0
people storm megadeth song,0,0
look fantastic new dress shows figure,0,1
jab protect,0,0
yes absolutely love see favourite game company going drain totally dont want pick make better products,1,1
mubama bangs s excited see good,0,0
top quote problematic andy gray hit sonwhat hit,0,0
please wear mask please stay home coughing spluttering give someone covid,1,0
main book finished words today found somewhere epilogue words will done next week im exhausted,0,0
genuinely stupid early asda hot pizza counter shuts especially weekend,1,0
premier league top teams penalties win man u one penalty chelsea two penalties liverpool one penalty man city one penality lower teams got chance,0,0
whats one best parts parenting ask putting hand finding wet unknown liquid,1,1
whats goal,1,0
love drakehis ability remain humble,0,0
remember story wasnt iphone though people justifying,0,0
never seen guy score bad goal,0,0
video special,0,0
news im excited last wee bits christmas shopping tonight,0,0
woke morning another monday fine bright warm sunshine norfolk need put right frame mind week,0,1
even rashfords food packages hungry children much better,1,0
woke followers warra dub,0,0
daily taurus always strong capable things dont need rely anyone anything,1,0
issue norwich played every week probably wouldnt relegation area,1,0
oh thank irrelevant company another christmas advert need another feel good marketing campaign buy things dont need,0,1
cold britain c loves apple pies,1,0
holiday going way thought food bad service attrocious,1,0
im gonna go say chas dave underrated opinion,0,0
crowdfunder send gillesphie back australia coming soon,1,0
great day louise thank great help support ensure went well,0,0
given trying find one will concentrate health art,0,0
tell something dont know,1,0
fixture vs rtown ramblers ko league final match host randalstown ramblers forum good luck lads,0,0
see spare bits find bits pieces back factory stick em together,0,0
supporting artists fine detailed artwork artist new follower toulla fine art,0,0
nearly week tracked parcel sent still post office dropped apparently excuse reckon theyll use chase covid black friday christmas place bets now,1,1
salah missed goal empty net clear run goal really scored,0,0
years germany forgotten downright civil standard interactions london politics course aside,1,0
fat burger onion rings zumhof world good right now im gonna lie,0,0
dreadful weather today make sure youve got umbrella hand,1,0
yes makes perfect sense harry ginny together boring person anything,1,1
dont know wouldnt actually love people dying everywhere none people help anything,1,1
yes yes yes yes yes,0,0
well good england always will end less,1,0
yaaay see soon cg,1,0
tbf might chance look next seasons squad,0,0
kind government introduce new covid tests right fly paris x,1,1
,0,0
ramish im going rennovate kitchen lot noise cant help ill ask builder drilling certain times find convenient ask kids practice times specify,0,0
make sure hand need next ey graham,0,0
tears burning eyes skin,0,0
hey jude brentford superb,0,0
thank king hope amazing boy,0,0
annoyed neighbours dog waking early morning,1,0
many people dont wash hands come gym toilets,1,0
jigsaw winning bampsw limited christmas stakes,0,0
id rather mark drakeford drunk power bozo drunk cheese wine honest jim,1,0
capitalist nations,1,0
u know musically talented u play mistakes,0,0
went mcdonalds today unfortunately long wait meant food cold photo restaurant,0,0
spontaneous weekends away thing,1,0
temp c hum dewp c bar hpa rain today mm wind ms,1,0
slightly higher temperature booster vaccine time go bed early hope feel better tomorrow miss christmas party,0,0
happy clappers cant use still th excuses anymore,0,0
dinner ivy cambridge tomorrow evening followed sarah millican much needed time together,0,0
one thing cant deny rovers team dont give game miss,0,0
people bid stuff ebay theyve got intention buying annoying,0,0
boris last christmas party,0,0
anyone travelling gloucester tomorrow potentially spare seat,0,0
yet give ball away score will learn,1,0
ring spurs managers will fill brendan lad,0,0
well fk right,1,0
another geographical hazard news week time tornados hit usa,1,0
wishing will better year us,0,0
temp c hum dewp c bar hpa rain today mm wind kmh,1,0
dirty christina aguilera ill take,1,0
irony asked write immaginary sarcastic tweet imaginary incorrectly spelled,1,1
card even prelims insane,0,0
blues left proper discombobulated hopefully benn algieri dust later will effect rebalance,1,0
money going locate today claiming,1,0
im sure theres explanation mean must right,1,0
know government gonna lock us spite cant xmas party,1,0
need big second half reds,0,0
man helped make amazing bunch wont mistakes,0,0
mercedes either lost lot pace red bull found lot interesting tomorrow red bull starting softs,0,0
im bit biased say fantastic talent young people island amazing well done everyone please retweet saw production agree,0,0
course decent people involved attacks,1,0
salah want score today even grand mother scored open goal,0,1
boris johnson consistently lying cheating deceitful bastard fact team held christmas party downing street telling rest country cancel christmas celebrations sums hypocricy lies fact,1,0
smashing records recently won race seconds anyone genuinely think fair,0,0
makes feel uneasy ngl,1,0
leaving much behind lessons learned come big beautiful,0,0
fed children sweets bedtime now regret,0,0
michael carricks interview chelsea game thought unlucky points today points sure start shooting score goals win games,0,1
oh totally dont wear mask cough splutter around covidll fun little time,1,1
upsetting watch really,0,0
cant wait sit desk half hours back working harder,1,1
finally home spending minutes staring back ranger north peterborough roadworks,0,0
waiting bus stop driver pulled said waiting bus said mate im waiting plane drove,0,1
nice step yup yup,1,0
think chances keeping players looking slim,0,0
klich absolute liability team nowhere near,1,0
many jabs want us,0,0
temp c humidity rain today mm barometer hpa rising quickly wind mph w windrun mi gust mph,1,0
leaves dont bring united dont forget auction pogba,1,0
swear stupid people put earth test anger management skills,1,1
country screwed past decade conservatives yet people consistently vote despite literally everything done wrong people,0,0
tell ted cruz cares texas came back cancun fellow texans,1,1
safety measures safe wheres longterm safety data,1,0
need foothold one things gunna happen dont,1,0
now roberts called tripping,0,0
mygers joke away games one half population got,1,0
absolutely love stay late work take someones photograph remind twice forget leave take,1,1
kind conservative party cancel christmas together year mean didnt enough parties last year,1,1
now doubled rises pipeline,1,0
weird look ugly photos look ugly mirror,0,1
think need conversation truthfulness impartiality media,0,0
im sorry chelsea penalties terrible decisions,0,0
day,0,0
unbelievable hear people died tornado usa wonder see,1,0
good news good luck mate,0,0
pretty much sums,0,0
sadly think will need,0,0
every single company need christmas advert whats point theyre pointless certain point,0,0
universe stop invention saxophone,1,0
say hes playing year,0,0
anthony taylor fair referee wish put charge chelsea matches,0,1
really great news worthy winner well done whole brilliant team windwave,0,0
wow really loving new job mean constantly shouted barely earing fiver hour sign earlier,1,1
one game year opinion,0,0
one brain denise,0,0
heart loving music dancing loving life,0,0
love james totally page please come see us,0,0
strangely emotional tonight word lie reader tears shed bad boys life amp gavin amp stacey christmas special,0,0
die live newham literally hang,1,0
go mums every opportunity absolute point moving,0,0
boris government team pathetic,0,0
sometimes one blondest people pity hair colour doesnt match make perfect combo haha,0,1
least lads decent scran,1,0
norwich need score whilst theyre top,0,0
gonna rank gay town nights liverpool,1,0
mentally ill,0,0
unlucky lose today every bit good chelsea apart stupid mistakes buzzing joffy though player kids gonna,0,0
ht one games couldve least four degaard great game cruising whats love,0,0
sick pretty much e v e y t h n g,1,0
starting softs hmm wouldnt make favourite,0,0
merzbow limited edition th generation fighter jet,0,0
getting carried away good points absolutely woeful say beat whats infront,1,0
cant believe covid vaccine made lose limb thought tracked side effect,0,1
home side now getting taking control game,0,0
really impressed clear unified messages coming government re omicron socialising xmas,1,1
definitely ready round blue,0,0
pogba fc want stay still,0,0
government tell us say,1,0
well done royston primary amp mr doherty,0,0
lets keep building africa want,1,0
hemmos fire defence terrified nah nah nah nah nah nah nah,1,0
penalty places points gifted ref var corrupt sky league,1,0
lions fans think winning one game will change anything sure bridge sell,0,1
big bj threw xmas party lockdown nan spent oh well im sure great time anyway,1,1
surely hes lifted arm way doesnt hit,1,0
change sentence little use different emojis really love sit next someone mask bus,1,0
mcdonalds forgot put sauce bag,0,0
enjoy work cant wait come everyday see happy colleagues,0,1
cant wait boris wait christmas lock us cant go poland ive waiting half year,1,1
otters rotters,1,0
love tweet right now,1,0
never pen million years one st half suppose evens self harsh wolves defended brilliantly jimenez brain fart,1,0
weekend ive dreading today hate mondays feel rubbish,0,0
horrible day,0,0
anyone london free ticket see prince egypt evening,0,0
getting jab couldnt easier go now,0,0
country rebelling direction government want lead us country says,0,0
great work aspull ward well done,0,0
bet sickle cell affected predominantly white people free prescriptions,1,0
keeping boris johnson prime minister might good labour party good country,1,0
volunteering time tonight fix punters leeds evening interesting shift,1,0
drunkenly trying book hotel london tonight booking next sunday,0,0
something major happened kensington road cant left top gloucester road police closed,1,0
hope anthony taylor never put charge chelsea match,0,0
couldnt join annie rd singing gerard early full time felt right,0,0
love waking start work everyday even better christmas theres nothing love surrounded stressed customers food,0,1
weather leather shoot,0,0
got vaccine booster yesterday,0,0
west sub horwood thompson,0,0
free bars dangerous im never sick last night threw bush infront legal director,1,0
yes thats fine dont wash hands come gym toilets go touch weights pandemic anything,1,1
love someone mask chooses sit next bus,1,1
come mcgrail next big thing,0,0
tell people likely will end burnt existing planned incinerator,1,0
bidens ratings take another hit,0,0
sure im unpopular christmas cards longer fashionablebut one ive far year peoples postcode lottery worrying times,0,0
salah mane cant score life today good job weve got origi minamino come make difference,0,1
love amp light,0,0
sure sol min fighting penalty,0,0
antivaxxers may live every day last improve genepool,1,1
spare left chelsea away week everton upper shed palace tomorrow mine week,0,0
wo want go home cuddle baby weather e,0,0
right pack smug bernardo differential,1,0
another example need systems based impact finance city regions outcomes achieved much lower cost,0,0
need finish digging kettering maybe maybe work commute wont minutes anymore,1,0
drinks last night bit messy may beers tonight sure though,1,0
aboniki ehn dem dey tell person,0,0
sheffield wednesday beaten southampton will home preston north north end th round fa youth cup,0,0
bruv hate sound someones nan set strictly,0,0
finally decided upgrade wfh setup bought sony mm f lens elgato cam link,0,0
socks wash feet cold,1,0
broke law end story doesnt matter big,1,0
fantastic performance result newport county great goals telford azaz now th league utc,0,0
nevermind cant put,1,0
tips hospitality festive season make worth,0,1
ye many hits man,1,0
karens experience amp replied horrific x,0,0
lets call start saying something stupid maybe,1,0
well good question,1,0
another wet windy day typically wet windy accrington,1,0
song dakota automatic every knew nancy,0,0
forest magic pitch,1,0
unbelievable line reg goes untouched cote coney hill,0,0
rip mike nesmith always watched repeats monkees s school holidays,0,0
getting pied someone dating today great,1,0
next tory honour integrity lining succeed johnson,1,0
thats utterly fcked,1,0
scary right outside house dont think fine will stop though,1,0
language matching performance one outburst im early bath,0,0
realized phone call sister wish happy birthday today best done morning game husband leeds,0,0
worst guy ritchie film didnt even use p word,0,0
think vaccine bad idea glad phd immunology,1,1
bottled throwing headband floor,1,0
ginny ended harry shes boring,0,0
amp sadly proves point making earlier week,0,0
rashford still sancho hmmnnndaddy goi see one okk,0,0
yes waiting bus thank,1,0
river level m,1,0
west ham vs newcastle fa youth cup later id chuck perkins baptiste back,1,0
pleasure thank,0,0
understand many reasons vaccinated perfectly reasonable us blame,0,0
steve harmison easily take australians wanted long car park sripped waist northumberland,1,0
birmingham city will definitely getting promoted season,1,0
state loto many open goals missed hey lets remove democratic socialists labour party instead,0,0
doesnt make sense government wouldnt enforce face masks bars social distancing non existent supermarket,1,0
mean teach critical race theory bc im traitor race,0,1
tories standing fat savile must eyes explanation,1,0
thinking perhaps may oversaturated keanu wrong shame,0,0
nominate numb nut citizenship revoked,1,0
urgh put hand something wet idea children messy,1,0
stop offering thoughts prayers gun victims pass meaningful gun control laws,0,0
went best restaurant today dinner absolutely amazing steak cold fries rock solid expected food mouth watering sure wash bite drink,0,1
renders testing even getting vaccinated absolutely pointless wish hadnt bothered,0,0
rubbish,0,0
gut feeling always right,0,0
say wish parenting manual help parents basic needs social emotional help make sure child feels understood things cause trauma children,0,0
gutted lad rotten luck hope see back springsummer,1,0
phew made hard work thought going blow,1,0
looking wonderful age,0,0
invicta counter causes visitors problems ades shot blocked fifc hbfc,0,0
claypool catch year,1,0
klish deletes twitter surprised got promoted ive seen support change sad mot,1,0
everton awfully minute happy,0,0
see now official online conferences improve inclusion sustainability,0,0
youre fourteen years old find russel howard funny youre still fourteen years old mentally,0,0
soft voice kissing heart,1,0
hours remain prize pot far tip,1,0
number positions,0,0
properly worried ending chipper now,0,0
still looking help please,0,0
sorry forgot exist need something,0,1
anger management skills tested recently,1,0
seem microsoft keep going emo stage life theyre blue screen death keeps turning black started now,1,1
aspen interim head marketing communications public affairs prestigious membership brand years heritage,0,0
sign growing problem threat childrens lives human rights violations discrimination disabled children unlawful must stopped,1,0
theyre corrupt eject lot,1,0
nothing week choosing food bills christmas thanks dwp,0,1
full throttle players changed playing philosophy manager wants isnt grounds slagging especially win clutching straws,0,0
alamo,0,0
hate wearing face mask public cant believe government reintroduced wear,1,0
aidan coleman man well spoken,0,0
bad start day laptop blink ive spilt full cup coffee five oclock asap,0,0
thierry,0,0
wow cant wait go another lockdown,1,1
first time long time im working weekend feels good ngl,0,0
cold definitely cold feel rotten photographing wedding tomorrow hate joy,0,0
know drill bro leaves na coacheeeee bro,0,0
heyman turns reigns joins brock roman defeat brock paul e,0,0
thoughts exactly everyone knows answer,1,0
small thing used twitter never blue tick anything granted someone must know please,1,0
unfortunately people short memories,0,0
farra williams lines coming air every time shes talks miles hour,0,0
got first paycheck job amp make tips lmao,1,0
us layover lol,1,0
wolves deserve beaten,1,0
looked clear foul,0,0
maya selling sunset lost baby weeks cant even begin imagine awful must,0,0
thanks boris johnson restricting travel abroad due new virus strain concern public health heard next week banning fast food beacuse thats dangerous right,1,1
wind mph e barometer hpa pressure trend temperature c rain today mm humidity,1,0
often freelancers invited work events really appreciated fantastic time,1,0
quick question politicos point call uk straight nationalist country,1,0
wind mph n barometer hpa rising quickly temperature c rain today mm humidity,1,0
stupid jimenez second first never yellow card,1,0
pm twatt thinks giving nurses pay rise good thing,1,0
theyre blind cant makes determined support,1,0
see boys action tomorrow night tip returns,1,0
every confidence governments covid action plan christmas,1,1
im guessing jack doyle will finding underside bus looks soon,1,0
final sub scholars moore edwards loughborough sandbach utd,0,0
cuts social services result tragedy,1,0
love always pay cash barbers sure lot easier took card,0,1
lot players need leave chelsea team,0,0
gooch must scored,0,0
good article tackles complex issues facing creative sector pipeline talent,0,0
decision now home secretary hes less fcked,1,0
new years resolution year pick self distinctive habits,1,0
tomorrow night christmas party slimming group wait,1,0
im glad police decided historical crimes longer interest theres couple haircuts early s now forget,1,1
im feeling line cant lie,0,0
another great patch guys fully used test server,0,1
location accidentally came twitter trying rid now somehow says allotment,0,0
omicron anagram crimo chrimbo,0,0
missed conversion,0,0
ahw topless old biker guy sits outside starbucks every morning tshirt today christmas coming,1,0
love milk date buy,0,1
hate restaurant ignores dietary requirements,1,0
patch terrible public test server didnt test,0,0
early morning alarm call whoever stag lit puffing billy,1,0
pms plan b announcement obviously diversionary tactic,1,0
man teeeeeeeth mouths elastic banned shut help,1,0
reason grabbing holding power scam much money us ordinary citizens proles see enterprising virtuous see corruption theft,1,0
hate getting graduation ceremony especially spent long working degree im worth debt,0,0
intels incredibly bad load crap,0,0
aye vaccines dangerous health see charlie put nose weekends totally fine,1,1
lying msm unions activist nurses doctors,0,0
sound advice nearly customers paid deposits next weeks theyre going cancel nights,1,0
look great id keep short sweet make reference either dress figure,0,0
everybody skull dad jellyfish dont jellyfish arent people take back sophie jellyfish people wha,1,0
hello upset choose affording bills food lowered payments already low,0,0
love good cat story especially coop cat,0,0
woken power getting ready pitch black hot water,1,0
might spare tomorrow face value sat together dm anyone interested,1,0
test cricket brill isnt,1,0
plenty addicts alcoholics alcoholics addicts exceptions,1,0
love disturbed three times bath asked things house,1,1
weather really making want put shorts flock beach deck chair yeah right,1,1
livid government think acceptable ask country lockdown whilst parties,1,0
neil need stop putting nonsense medical qualifications got know vaccines reduce deaths large margin,1,0
debating go away june miss sta travel,0,0
lot interesting thoughts thank,0,0
goal client george honeyman,0,0
reached making xmas day gravy levels acceptance holiday screwed,1,0
labour controlled wales actively closing businesses says really,1,0
whisky month november got wedge taken,1,0
truly love someone remember will dump someone better,1,1
worms turned side grim reaper will cost desperately needed circulation,1,0
sure doesnt everyone everyday,1,1
looks dramatic q interesting anyone race reviews week please add q start,0,0
imagine bawheid lying,1,0
want back,0,0
omicron seems big threat think drop inquiries last years parties focus instead,1,0
think might want worry little risks posed omicron variant fretting zoom quiz took place year ago thought,1,1
sure vaccines make difference covid spread thats hospitals full unvaccinated people able maths,1,1
im really nervous first driving lesson today dangerous im scared,0,0
thank laura try,0,0
global outward looking statesman made difference europe world history will kind angela,0,0
omg depth honest useless,1,0
deserves large retweet,1,0
u footballer still look full junkie,0,0
love modern society rules everyone regardless job background really brings country together,1,1
really hating work paid nothing constantly shouted,1,0
life billionth billionth chancebut insisting pulse beginningless universe gives us humans chance crownhere fact,1,0
conversation must driven pushing change,1,0
ive positive booked tickets mum go see mark rylance jerusalem next august,0,0
reasoning behind tightening travel restrictions uk flawed goverment real concern public health fast food banned years ago,1,0
upand dressed reasonable time now new bathroom floor,1,0
temp c hum dewp c bar hpa rain today mm,1,0
people couldnt lazier work tried,1,0
group lads pub sheff shouted siuuu wish asteroid hit,0,0
prefer take advice people actually qualified subject matter case scientists,0,0
supporting cardiff isnt good health,1,0
want help,0,0
ill fresh tattoo weeks amp wait,0,0
seems good time try matrix thingy,0,0
darling dear darling,0,0
beautiful jordan davies,0,0
aha thoughts exactly day now vacation,1,0
sad news rip,0,0
norwich need score whilst theyre top,0,0
best thing business report anyone make decisions,0,0
big enough tae calm fenian big enough belt jaw,1,0
yes called first,1,0
lose weight restaurants ban lad,0,0
phd itll fun rewarding said clinically sane person repeat,0,1
im sure im getting laid back whole virus thing speculation possible lockdown christmas ive got stage never mind weve already,1,0
beggars belief met police suggest cant wont investigate crimes already committed,0,0
please really want watch pepeatleast make see live st freeze isnt worth,0,0
breaking news pubs bars latest cure covid,1,1
game year goes yakuza dragon special mention yakuza zero,0,0
heading lowestoft lunch weve saved four pounds,1,0
come chelsea lets,0,0
vaccines make difference covid spread scientific studies shown definitive link current nhs wards full people seriously ill covid people mostly unvaccinated putting big strain nhs,0,0
played football tonight already suffering old,0,0
guys stinks nostrils decent people quite watch say,1,0
stupid take football,1,0
hows guy supposed shop wifes birthday christmas aberdeen john lewis debenhams deserted city,0,0
love enough keep attention,0,0
ramish think stop kitchen rennovation noise kids exactly quiet competent play musical instruments lets say dog makes better sound,0,1
watched first two episodes dont think half bottle red helped,0,0
politicians nothing corrupt vile selfserving wastes thieves contempt electorate purport serve,0,0
see reasons mark put forward well explained need ask looking getting,0,0
right need wrap christmas presents cant put longer,0,0
ugh bad parking really gives shts ive left note neighbours car sleep deprived state managed remain civil,0,0
congratulations winning excellent project,0,0
didnt postpone game spurs many covid outbreaks ridiculous,1,0
football tomorrow due covid find football fix locally,1,0
children awesome,1,0
outlook weather manchester today rain,1,0
d authors books hidden guess chance win,0,0
wow look smart yes bicycles carbon footprint lower everyone car people fetish talk lycra time,1,0
mcdonalds rebranded fast food im lovin laugh minutes wait cold food burger looks fight mike tyson,0,1
realised dress wearing one got christmas party,0,0
full time opener scott heard followed braces ade yusuff dave smith seal points invicta fifc hbfc,0,0
will following new rules event though rule makers never done despite promises,1,0
prizes must claimed tonight re drawn inch tv plus many prizes go,0,0
mctominay best player park interesting twitter believe playing league two,0,0
pretty much covers relevant points raised,1,0
love overhead view cricket,1,0
gets tekky night time,1,0
man commits suicide roughly every seconds globally let sink,1,0
wonder going see tweets rangnicks intelligence tactical prowess lead cr penalty saving,1,0
another takeover see makes sense gives financial stability one platform newcomers pe time,1,0
vaccine mandates obviously great things good people cause nothing bad happened forcing people things,1,1
oh surprise bbc weather says raining manchester manchester,1,1
coincidence two favourite songs number,1,0
indeed need take maximum care protect others time,1,0
boris johnson must host best parties,1,1
m week brexit leavers promised nhs asking country,1,0
invested ive buying leeds fest ticket actually woke early cos im desperate,0,0
think hes lost plot,1,0
really insane think brandon marshall best season hall fame career s playing ryan fitzpatrick new york jets,0,0
girls michelangelos talking want frat baby love madison,0,0
festivity miss superb venue wonderful evening december whats list included,0,0
incredible im now andwow,0,0
slightly worried police think potential crimes need investigated certain length time,1,0
pm usual stretching bounds honesty far beyond merely economical truth,1,0
ironic rich people receieve free stuff companies easily purchase,0,0
next match,0,0
im one put pipe smoke,1,0
finally getting somewhere temporary house boy waiting forever home,0,0
yet youre far distant star,0,0
meant start dating even snow white wants,1,0
welcome uk money allow poorest people country maintain week aid living write billion fraud money,1,1
equivalent yer da tellin kirsty maccol died yer maw telling aled jones singing walking air,0,0
men hold ox,1,0
really annoying often travel requirementscovid restrictions changing im really stressed government now introduced additional tests travelers trip paris,0,0
thinking time refused pay headphones silent disco,1,0
darrell covers seasons mostly masking tape,0,0
great chosen smoking picture year old madonna,0,0
tell im wrong rlc blown chance cement position midfield speak ruben cos expected got given st team starts n simple taken super sub now,0,0
temp c hum dewp c bar hpa rain today mm wind kmh,1,0
temp c hum dewp c bar hpa rain today mm,1,0
robin beck bbc younger sister john beck first time,0,0
often dream making life better eating healthy drinking water exercising,0,0
salah mane cant goal today nobody knows knows minamino origi able one,0,0
martial lazy will summer musters energy go anywhere,1,0
really looking forward tonight,0,0
im asking glasgow uni law stop giving formatives practices related exam structured,0,0
never understand people dont,1,0
right whoppers come away game say nailed go,0,0
hope kit beauty add collection,0,0
possibly considering vaccine mandates will enforcing following orders,1,0
temptation photo shoot finally graduate next year strong,0,0
thank mackay family giving angel chance,0,0
na won comot naija now,0,0
look ugly photos mirror,0,0
constantly loads new symptoms negative tests tsk making paranoid,1,0
wolves defo game see city dropping points now game,1,0
bring back church leeds amp mint club,0,0
usual problem pitchero currently quick fire goals green valentine cribb,0,0
debating dinner stir fry dish rice curry crispy lady fingers,1,0
getting bit awkward innit,0,0
lewis max crash sunday world championship go niki imo,0,0
sad see buzz,0,0
kind lala thank amp bhabi making day memorable one,0,0
de gea def back best season,0,0
live great british weather,1,1
actually really easy mindset tory smash head wall bleed slur incoherently social mobility england stuffing handfuls loose change tim martins hands kick homeless person jaw,1,1
home safe gorgeous boy cant donny will cheer one course bookies cheltenham,0,0
city win pen liverpool win pen chelsea win pen whats odds united winning pen,0,0
love friends,1,0
sorry time now need o somewhere,0,0
looked lineup newcastle im sobbing,0,0
startling act solidarity phone started autocorrecting exs name,1,0
really love finishing term period enforced isolation thanks amazing governments controls covid school,1,1
great edtech tool definitely powerful ive tried,1,0
chloes body amazing though weird stuff sometimes,0,0
definitely take johnny gargano irl bigger,1,0
james franklin though success made little progress truly making penn state intercollegiate powerhouse,0,0
weve saying brexit campaign built lies deceit amp dark money,1,0
news wanted hear match day wish best hes played huge part recent good fortunes,0,0
politicians honest melts heart,0,1
temp c humidity rain today mm barometer hpa falling quickly wind mph sse windrun mi gust mph,1,0
want guarantee youll never lose job become prime minister party national lockdown,1,1
psa retailfashun please create new size large extralarge perhaps l l really help,0,0
still london bothr phone boxes old coffee kiosks taxi drivers,1,0
spanish national ballet company full rehearsal wearing masks without issues everyone wearing masks protect others excuse,1,0
least looked nice time,0,0
great day cote keeping coney hill without points great shift whole squad,0,0
come along,0,0
politics many nuances situations,0,0
life covid challenge able want see hope finishes soon,0,0
doesnt give right send back,0,0
temp c hum dewp c bar hpa rain today mm wind kmh,1,0
johnston picks wrong option,0,0
late night thoughts,0,0
dont bother wcd top bottom solid,1,0
im glad entire world got watch vikings play last night thats average game goes well ends blowing getting unnecessarily tense situation,0,0
awesome show sinister dark atmospheric,1,0
englands euros squad flopping season grealish poor hooked wont hear though,1,0
love monday morning glad weekends,1,1
wish one people left voicemails,0,0
cant fact im going playing live first time sunday,0,0
love going rain nice going park pouring rain cool mud hair socks drenched love,1,1
lovely see government continues prioritise safety disabled people,1,1
improving rail infrastructure north perth improve matters significantly fixed timetable provide double track wonder,1,0
dear prudence wont come play look around,0,0
real life,0,0
offer complete support new rules obviously supported public sticking times,1,1
got stop putting glitter flowers id ad red,0,0
think men better women provide us thank often protectors,0,1
cool apart man utd memorabilia,1,0
havent seen hope youre goodie,0,0
give phil rest tomorrow ederson walker dias laporte cancelo kdb rodri sterling bernardo grealish,0,0
funny ive wanted leave three months debut,1,0
dislodge gang lethal crooks minute hot,1,0
cant wait sonny show static dress hoodie well end matchy,1,0
realised kate bishop yelena go dogwalking dates together,0,0
norwich away,0,0
saw video someone getting hug love hug u know really nice ones,0,0
liverpool awful team bunch frauds,1,0
great see really fund christmas celebration,0,0
given option born financially stable family conception chose avail opportunity provided perhaps now take personal responsibility decision deal consequences,1,1
already sense will able sleep tonight wonder myth able sleep bcos someone thinking u dreaming u true cant,1,0
neighbours children annoying block driveway round time rather staying house,1,0
fantastic control hand slotting,1,0
anyone think johnson will resign think will front,1,0
good morning computer froze update crashed laptop spilt cup coffee week honestly better,1,1
first time cooper team score liberty,0,0
im gonna go say chas dave underrated opinion,0,0
folks partying friday,0,0
usual uk race baiters strangely got absolutely nothing say jussie smollett case,1,0
bowling wasnt problem,0,0
day ashes lets gooooo,1,0
someones birthday cant life remember happy birthday whoever thou art hope good one,0,0
come shift everyone proud,0,0
still best christnas movie time adaptation christmas carol will good,0,0
captain mess,0,0
comes planned gamechanging piece work looking forward seeing results,0,0
great article good friend colleague tim warwick shows hard work pays couldnt without now,1,0
children nice kid told look really tired ghoul really mean,0,0
tynecastle good day troops come bears morra,0,0
haha coming end justice will prevailof im sure plus every dog gets day haha,1,0
office insist ac middle winter im cold,1,0
started watching show prime called show real london amp funny budget love amp hip hop,0,0
isnt one shots mate,0,0
well done skipper dwayne murray true leader pitch,1,0
miss days thought boris johnson matt lucas character,1,0
placheta pulling strings vs united,0,0
goal meet tony hawk thats,1,0
glad christmas lockdown rules didnt apply poor hard working government,1,1
boris made hash brexit let people die lied teeth still thinks deserves boozy bash nothing surprises sadly,1,0
fantastic great way help children visualise letting go worries control,1,0
oberman attacked inside park baby caught inside park mother inside park,0,0
prime minister honest injun honest midsummers day long,1,1
sisters kid playing living room told look ghoul due baggy eyes love children much make feel appreciated loved always say kindest things,0,1
im gonna start posting daily rants twitter sum lifes drama starting today,1,0
im january course catherine cant wait,0,0
dont love monday mornings even better freezing cold uncooperative child,1,1
nice see sheep getting boosters fully protect,1,1
sorry loss,0,0
man act aint tough us streets,1,0
jimenez done gotta closest thing match fixing ive seen ages loooool idiot,1,0
hell people ignore blatantly posted signs stating limit people allowed inside store ridiculous,1,0
imagine absolutely money right now youre still checking regularly evermore anniversary merch drop,1,0
good see rulers trying show us really sniff,1,1
goal means nothing youve lost best players now horrible,0,0
really bothers deliveroo mess order,1,0
people wrote guy st match,0,0
john major followed anna soubryfollowed byphillip hammondtopped ed davey jo swinson next candidate prime minister pice de rsistance ian blackford obligatory mince pie,0,0
got back shop realise milk bought already date,0,0
gonna hit sack long day catch moz night night,1,0
school sent really helpful newsletter key dates activities many fun things arranged children,0,0
home alone home alone tonights viewing big wean absofrigginlutely,0,0
quality labour lead getting bigger hope labour leads stay bigger way next general election quality,0,0
diversidy communidy securidy stadus pinned onto rp accent eesh audiobooks huffffff,0,0
bo jo clearly knew wine cheese party happening house,1,0
feel bad im chatting everyone ive got energy social,1,0
slightly annoyed watching graham norton condescending towards henry cavill,0,0
favourite cafe barista birthday today must right im hard feelings,0,0
yes look fantastic age thank lord filters hey,1,1
reminds time told lads im getting round asked pay self,1,0
pov first season watching f,0,0
dream hair,0,0
well predicted larger trade bloc gets negotiating advantage extraordinary wonder david davis knew,0,0
great day bit tired now,0,0
yeah day tests cost fcking fortune fair dooz,1,0
never will repeated say lived times much fans different breed,0,0
convenient bobbys back,0,0
love weather edinburgh dress every season peeing rain morning now beautiful blue skys love getting soaked,0,1
behemoth gets dictate health policies people belgium now see hypocrisy corruption politics,1,0
love smell one million,1,0
wow love rich people stuff free,1,1
nice horse cant excited nice horse rancid hands jockey must say,1,0
gmt temp c wind w mph ave mph gust humidity rain hourly mm pressure hpa rising slowly,1,0
really hope dont go another lockdown id hate,1,0
kearney equaliser,0,0
need better control ball changed ralf mason marcus donny bruno,0,0
stoked see tonight,0,0
jamie rednapp bad,0,0
going manchester cheap pretty way avanti expensive split ticket lmwm via crewestafford,1,0
well clear restrictions coming ive able book booster week,0,0
ill wait start christmas shopping case know,0,0
cancel christmas party worry true christmas spirit,1,0
youre english right yeah big time,1,0
absolutely shocking grealish take,1,0
great welsh karaoke rewrites pt cyfarthfa park melting dark,0,0
mendy dives ball hits net didnt play us,1,0
severallove youve omitted number oddball counting,0,0
stop lets hear night club specialist well,1,0
sad see number cars engines idling town really disgusting cold,0,0
truss cooper wrote remained lobotomised ideology,1,0
work friends justmy friends party together long dont talk work confused,1,0
joys academia spending whole weeks working application told feedback scored strongly didnt,0,1
another jab protect pokes ill pop,0,1
im glad smart people still refusing wear masks shops thanks selflessness highlights ignore something itll go away dont know havent tried,0,1
really hate stuck home thanks governments lack controls covid school,1,0
meant relaxing bath hard week instead asked three times peoples stuff around house grrr,0,0
absolutely loveee getting graduation ceremony spent years degree ended debt,1,1
going tough time semis itll litty practice,0,0
one favorite stops london,1,0
last time named starting games row,0,0
mannnnnnn aint nothing,0,0
last day feeling melancholy,0,0
wow glad spent entire christmas away family last year,0,1
hoping one will johnson locomotion,1,0
people casually share wisdom im really grateful,0,0
love working office instead home wish wax melt bobs bo smell home,1,1
dont barbers dont accept card payments normalised,1,0
great fun couple worthy causes raised thank everyones support,1,0
cant believe im going miss swansea pumps,0,0
appears uk government want s booster jab late next month nhs website determined prevent even allowing booing many us yet,1,0
chillies wayyyyy prominent raw,0,0
leak xmas banger sark,0,0
whole world becoming woke rise right wing nationalism horrific consequences,1,0
mate take pic cus ronaldo scored make sure pint coors hand nonce,0,0
man u bang average far tonight,0,0
actually enjoyed matts commentary today great result hawks important,0,0
love neighbours children block drive cant cook meals every single day,1,1
love instagram motivate people saw post kim kardashian motivated delete account,1,1
angry government went ahead christmas parties rest us locked,1,0
meed men city,0,0
youre telling somebody pegged clothes,1,0
tease think labour con,1,0
new video tonight hint,0,0
another example anime translating live action well leave alone x,1,0
one favorite stops london,1,0
big drank meg hard idc son,0,0
today good day truth betrayed lies deceit bigotry feel broken,1,0
thats needs said,0,0
best thing fact im easy throw around,1,0
say think funny somebody decides resign went party made never happened actually resigning make situation acceptable,1,0
well rags one much team still way got compete city liverpool brighton,0,0
win meaningless,0,0
ahshehdgs way yhe arena im literally gonna throw stomach feels weird,1,0
gets buzzing next thursday aw cant wait,1,0
wheyy confirmation sunday idea team im ay will good fun,1,0
hear mike dean var know happens next tried desperately cancel shout penalty,1,0
wish kelly friend,0,0
someone teach,0,0
woke weird stress dream office poland strangely korean bbq canteen one broth options oat milk,0,0
really looking forward going christmas shopping antivax antimask global conspiracy believing sister weekend,0,1
give phil rest tomorrow ederson walker dias laporte cancelo kdb rodri sterling jesus grealish,0,0
one queen one livesiverpool way,0,0
really loved drive work today dark wet heavy rain,0,1
cant believe people think covid vaccine will plant tracker inside benefit health nothing,1,0
merry christmas best wishes,0,0
employers take many opportunities make unhappy,0,0
ive predicted,0,0
johnsons levelling will much north camerons northern powerhouse,1,0
really disappointed number people may really know better wearing face masks chin wonder covid continues spread,1,0
mp voted,0,0
good know tory mps putting putting interests good government integrity first,1,0
wee soros constant red card threat,1,0
hi john thank much text last night ordering back work holiday morning someone sick sooooo sorry beijing hours time difference couldnt make ill try harder next time,1,1
lrt coaches picking tomorrow kidlington,1,0
told work home,1,0
even going look review absolute joke,0,0
life moment fantastic really enjoying increase restrictions due omincron variant cant wait go shopping whilst wearing facemask,0,1
love paying much gas really feels good help big oil,1,1
see wifey beauty jumping chest,1,0
boots meal deal superior tesco meal deal thats thats tweet,1,0
officially promoted general manager today good news day,1,0
today lost follower said unwell dontcha love twitter,1,0
im heading snag covid inoculation vaccines stop one getting disease stop spread leads life nonstop useless boosters,1,0
ok well know eh,1,0
last night dreamt today fridaywow guess happened dreams amazing,0,0
absolutely love pouring rain monday morning forget umbrella,1,1
well done brilliant achievement,1,0
referring adhd character defects,0,0
cracking breakfast opening timmy hortons lakeside todaythink will new regular go,0,0
omicron cases going run hills,0,1
really impressed human evolution covid made bodies adapt breathe chins darwin proud,1,1
wondering wasnt kay burley beth rugby forced resign last year,1,0
logged onto ticketmaster leaving running background timer counts,1,0
saints better,0,0
purple patch must continuing larne players tiernan hoping ends soon,0,0
hate going park wet rainy awful hair soaked socks drenched,0,0
say enable man united won game needed play better take shots chelsea goal,0,0
cant wait go first driving lesson today thought getting metal death trap kills thousands people every year fills joy,1,1
lots good interviews amp music,0,0
fiona shut bbc puppet,1,0
prime minister parties whilst rest us live strong lockdown restrictions couldnt see close family friends months yet still job,1,0
woke found today will good day,1,0
total scare mongering people need lives,1,0
nana brother,0,0
ntamack away,0,0
two crucially important things life one good memory forget one,0,0
time number cancelled christmas party year last years frivolities lockdown,1,0
dropping flys lucky field team next game,1,0
boris bring restrictions dammed dammed doesnt live boris,1,0
boris johnson entirely trustworthy honest obviously christmas party number time last year,1,1
things looking good especially covid situation,0,0
think vaccines harmless massive coke head time,1,0
contract extension james franklin will absolutely work penn states favor,1,1
cant believe omicron anagram crimbo government designed covid variant time christmas,1,1
stabbing death scene par stabbing death scene saving private ryan harrowing,0,0
wheels well truly,1,0
boris johnson held christmas party despite lockdown rules banning gatherings meanwhile grandma unfortunately spent extremely sad miss rare opportunity gather family,1,0
game playoffs last season take away jt injury amp loss,0,0
pm aware partys background making announcement,1,0
gerrard world peace today,0,0
meeting dog even ive already met multiple times,0,0
rotten rulers showing true colours,0,0
strange police find time deal issues mask wearing,1,0
best behaviour worst,0,1
tumi,0,0
long awaited report draft online safety bill committee due published tuesday,1,0
sadly many people go information boris will use brains think others outside important,0,0
people will look think comfortable far average performance points,0,0
table four left tonight guys love much support,1,0
grateful got order immediately,0,0
simply love deliveroo given whole different persons order fun,1,1
got unconditional offer york happy,1,0
exactly pay lot talented politicians,1,0
currently wait making mockery murder wrote,1,0
humans see normal drink another species milk,0,0
bad weather will let possessions ruined move house,1,0
school sends newsletter now need whiteboard track school festive activities mufti day dont forget make payment carol concert early school closure etc stop,0,1
side,0,0
hes fun water,1,0
yes course boris theres absolutely way new plan b plans way diversionary tactic,1,1
wonder theres parenting manual schools hand parents really use guidance,1,1
wanted stock office supplies tesco find aisle wine,0,1
proper munters phone jeremy vine everyone one budgie cage,1,0
caught mirror looking ridiculously thick double take,0,0
happy,0,0
reminder tomorrow basingstoke please bring along old coat homelessness appeal coats accepted menswomenschildrens see ub tl,0,0
friday betting brentford v watford first half goals,0,0
pls stop teasing us,1,0
love fantastic team pic everyone,1,0
sausage talk costa now advertising us,0,0
research suggest major wave less serious disease january quick lockdown now keep pretence public health cash,1,0
bbc reporting daily covid cases now convenient,1,0
think women able join mens sports teams vice versa really dont see problem example foot inches slim women versus pound heavyweight boxer feel women much equal man even much faster stronger men anybody takes offense point need reevaluate lives man anything better lady,1,1
super cooper wears garibaldi,0,0
believe britains international reputation already shot pieces hands johnsons tories will certainly make things much worse,1,0
memes started,0,0
wake people something climate change late,1,0
max verstappen dirty driver purposely brakes late intention making corner prevent drivers overtaking dirty driving,0,0
worse thing labour boris removed party leader much time conservatives rebuild next election,1,0
everyone loves christmas dont always happy jolly even pressure,1,0
ive jabs booster still trying ewood coyb,0,0
well done everyone fantastic,1,0
good lesson ive turned make conscious effort yearn less live realised kind generous good giving receive,0,0
remember politician entire country known decades form strong view,0,0
always going hard cardiff christ karl dixon want see upset,0,0
sure expecting shake hands deepdale duck meeting people,1,0
loving life covid times long may last,1,1
root gonna go close series us competebut hes capable nice see game,0,0
sometimes wish obvious things without feeling rocket science,0,0
reminds job days degree hate people selfish rude,1,0
temp c hum dewp c bar hpa rain today mm wind ms,1,0
ach look wee soul x,0,0
aint one live former glories might want check stat middle,1,0
partners year old father big rugby fan end earlier match glasgow prior covid,1,0
putting parties inverted commas youre merely trying sensationalise thats journalism,1,0
really upsets people drive stupidly morning,1,0
half time score milbank,0,0
birmingham city football club definitely getting promoted premier league season,1,1
thing go episodes,0,0
temp c hum dewp c bar hpa rain today mm wind kmh,1,0
understand without tv broadcast ground will full good wouldnt gone miss,1,0
bare people sounding aunties uncles whatsapp chain messages vaccine talk crazy,1,0
facing mountain lion thats dash bold,0,0
wind mph e barometer hpa pressure trend temperature c rain today mm humidity,1,0
nah need rereleased version asap mike dean going absolutely crazy synthesizer good lawd,0,0
cant believe whole pandemic knowing exactly will happen arent careful government still choosing fail protect disabled people,1,0
lived housemate months now hear playing adele bond themes ive clearly impression,0,0
everyone plays win,0,0
must certain level bothered attend gym full face make,1,0
daily co update december estimated global daily average co trend december ppm daily average co global monitoring laboratory december ppm,1,0
ive signed,0,0
joffy frothy cream crop,0,0
minoritytothepointofnonexistent report crowdfund sequel definitely legs,1,0
truth becomes evil desire live,0,0
will new science explain jabs treatments temporary amp protection wanes sure want know immune response generated tcells forget,1,0
ox scoring today sure,1,0
doesnt look good lam yellow card surprise tackle elliot dee,0,0
think youll find pairs well food lmao jeff,1,0
disappointed boris cheese wine visible last nights announcement even party hat sight,0,1
stressingaboutcookingchristmasdinner,0,0
thesis new details seem,0,0
genuinely didnt mean said play b team tonight,1,0
tips read quick without running risk missing important information seem slow runner,0,0
boris practice preaches protect nhs parties rest world,1,0
comments made jockeys weighing room categorically retracted hopefully everyone weighing room will now rally around briony frost give total support positives code conduct every racecourse better facilities finally coming,0,0
friyay except im working pm,0,0
looks warm looking inviting miss lovely real fires,0,0
immunity vaccines infer immunity liability develop administer,1,0
sleep tight little man two great sets supporters giving tributes deserve,0,0
stoked see tonight,0,0
biden great president none,0,1
doesnt even make sense stop digging,1,0
site kit really onestop plugin years ago manually add site google properties,1,0
interesting ask moss now hes seen incident var asked go check monitor still given,1,0
whoever thought making digestives smaller good idea thank much,1,1
talking plan c invited party downing street x,1,0
vernon town best pub going questions asked,0,0
wow work rewarding fulfilling right now,0,1
picking algieri win tonight think lands left hook,0,0
concerned far pandemic many people still fail distance wear mask wash hands thoroughly worries future pandemics yet ability difficult crises eg ahead climate,1,0
often wonder people burn others childhood incredibly important dont needs met road ahead will always incline,0,0
tempting renew membership vote butna,0,0
many different activities small town wadsworth one thing enjoy ride horses one local farms man one local restaurants looks exactly abe lincoln name nick local ice cream shop name dolce least different flavors ice cream italian ice oh delicious wintertime love go sled riding one local hills hill go right next highway least feet high one best hills around go sled riding,0,0
im high im boxpark theres live band bare loud im high,0,0
ghana saying need fully vaccinated enter,1,0
id thank current employer making feel accepted valued particularly nice whenever suggestions seriously consider dont automatically put fingers ears shout cant hear metaphorically,1,1
nothing today might watch box set,0,0
hahahaha sleeves rolled extra poison body,1,0
bit odd someone resign party didnt happen eye roll,1,1
really really happy woken next door neighbours dog barking thanks lot appreciate loads,0,1
interesting projection though think likely green party will hold two seats,1,0
liverpool play heavy metal football performance united playing john lewis xmas cover version football,0,0
sterling predictable,0,0
anyone know take kids covid booster appointments area school,0,0
really hope case,0,0
another lockdown id love locked room another months,1,1
pouring rain forgot bloody umbrella annoying,1,0
pleased find fragile delivery left doorstep rain today instead left safe place,1,0
course raining im due go tonight,1,0
expect president biden give remarks later today events kentucky,1,0
tyrone mings best player pitch today,1,0
good hear government setting great example comes following covid restrictions,1,1
temp c hum dewp c bar hpa rain today mm,1,0
mangos simpson got half chance blasted well,0,0
people will ptsd constant fear mongering,0,0
im simp hive yall,0,0
add afterwards got much work done id left time,1,0
saw boris johnson news wearing police hat morning wish simply focus competent rather trying attract attention time,1,0
sound tiktok men better women hilarious ask patriarchy patriarchy,1,0
called carey last weekend still convinced dale connolly middle critch trust,0,0
looking forward sit desk half hours,1,0
grow accept youve done,1,0
conservatives party members cunts,1,0
unfair boris johnson held party families went without seeing dying relatives,1,0
now dip hot milo milo ki understand esau sold birthright,0,0
spelling nerd please check spelling posting,1,0
bastani living reality always,0,0
dont europa conference league well probably going team didnt best avoid really,1,0
got ball never pen,1,0
brilliant run ched nd first trip cheltenham,1,0
everton really well minute really happy efforts,0,1
love boss micromanaged,1,1
matter good bad life wake morning remember still one,0,0
year old boy won bottle merlot raffle pre school today dont know make,0,0
omg longest day organising referencing annotations recommend zzzzzz,1,0
boris johnson cares one thing selfpreservation dont fooled attempt brush another scandal carpet,1,0
drip drip drip bring levee breaking,1,0
brentford v watford jubilee line waterloo insane mask mania pray train kew,1,0
went communist possible speech android declaration dbh,0,0
boris johnson clown conservative party corrupt,1,1
everything total mess anyone trusted anymore even pm makes rules cant even stick clear data pandemic isnt scary wouldnt everything said need lockdown lie let alone denying house party,1,0
oh goodness bit thin arent,0,0
best wishes speedy recovery,1,0
im quite sure pete banfield got scores john johannes paulton village hall back late s,0,0
tips hospitality go festive season despite increase labour,0,0
traffic already long day early night,0,0
many things say im prepared waste time,0,0
rhys little hero,0,0
dont call poor man dedicated christian money david ibiyeomie,0,0
weathers wonderful today,0,1
maybe transmissible seemingly symptoms badlet go herd immunity,1,0
tiny question people turned festive clothes noise music didnt police duty report break,1,0
darkeater midir slave knight gael defeated achieve goals,0,0
sometimes relationship isnt working partner may leave find someone future,0,0
tired morning spent ages trying unlock car wasnt car,1,0
british weather awful point even complaining,1,0
god hate misgendered time relatives,1,0
really happy weather stayed whole weekend,0,1
believe selfserving clown take good long look,1,0
first part number encyclopedia britannica published edinburgh scotland,0,0
small group singlehandedly transformed feelings towards meetings,0,0
favourite thing driving work morning peaceful slow everyone love people dont know theyre going stroll morning makes happy,1,1
silks photoshoot tomorrow feel whale,1,0
met lots old mates today lovely back imp,1,0
baffling wanted small close knit squad mind,0,0
surprise think something heard,1,0
lovely visit us today thanks encouragement support,0,0
simply love clip thank,0,0
find medically unable write good exact moment time write well lot send prayers vibes etc,0,0
surprised arent minion versions pop songs alvin chipmunks,0,0
hate seeing favourite game company go drain,0,0
oh great wear masks constant tests protect loved ones others around us human hard,1,1
remove wow beginning probably add reasoning work fulfilling rewarding right now ive good couple weeks reminded feel message non sarcastic way,0,0
go shopping time year people rude manners barge way without saying sorry,0,0
leicester vs newcastle tomorrow will fun,0,0
ive posted exactly will longer watching euro news,1,0
friday finish line really takes longer longer december doesnt,0,0
weekend cements martin brundle national treasure,0,0
havent watched years extremely biased everything british amp right,0,0
pretty disappointed feedback received fellowship application application scored well unsuccessful please give something strenghten going forward,0,0
oh yes thank mr delivery man much delivering important fragile package leaving doorstep pouring rainvery glad didntring bell leave safe place suggested,1,1
says man helped tories power undermining jc every chance got,0,0
thousand things organise tonight im laying bed scrolling twitter,1,0
think magic good wait till see drive,0,0
good morning blues,1,0
ahead mclaren cement third place tomorrow lads,0,0
love gives th error code day,0,1
big shout everyone voted tories last election,0,0
sooo happy back decided spasm start week work adore walking old hag snow white,1,1
watch top prank undercard uk,1,0
today good day super cold outside little one refused put coat despite rain cold even car really hope tomorrow better,0,0
im really worried boris will lock us christmas wont able go poland,1,0
epic,0,0
bad libour,0,0
city crazy yea,0,0
looking forward training event today,0,0
know whats amazing waiting day package never arrives even better photo package random front door package now hermes oh great,0,1
top pools book swimming pool paddling pool aboveground pool family pool architectural pool indoor pool lap pool olympic size pool natural pool salt water pool sorry liverpool top pools book,0,1
really bro thanks update,0,0
hopefully tracked parcel sent days ago arrives soon royal mail likely everything going im concerned hoping positive update soon,1,0
friday feels chilly one ipswich today whats favourite season,1,0
people going boosters without thinking need b offer reasonable level protection c safe long term believe increasing immunity without good evidence available support assumption,1,0
someone puts much perfume say nice perfume long let marinatett,0,1
see toddlerss faces unused seeing strange faces dont know respond play peekaboo work basically,0,0
finished wonderful hour shift breaks delightful absolutely love standing feet day long running hours sleep live,1,1
boss immature frustrates always nit picking work,1,0
even youre ps qs uptight conforming loosen,0,0
see windyspoons taken protective barriers bars sensible drinking policies desperate king brexit,1,0
everybody loves christmas great time jolly,1,1
berry lemsio mixed apple cinnamon tea bag spoonful honey proving helpful,0,0
think cat separation anxiety,1,0
beyond stressed tomorrow clients cancelling day really cant afford another christmas period working cause government decided jump gun shut us,1,0
annual review city christmas wrapped one place,0,0
glad boris protected nhs christmas party,1,1
support shown british newspapers towards gp surgeries ridiculous ensure public know hard really working,1,0
omicron variant decided give us wonderful gift christmas one day chosen spread people gift will make feel lot better around loved ones still refuse vaccine wear mask least,0,1
supposedly thats pen one us tommiasu wasnt,1,0
whenever week annual leave first three days spent trying switch work hard,0,0
nice see west kensington lot havent seen game years fun,1,0
hate stuck room another lockdown,1,0
true shocking yet surprising,1,0
see itv starting new crime drama next week doesnt look original,0,0
oh boy cant wait next general election population completely screwed tories somehow manages forget keep boris johnson power love smart country,1,1
best fans well done everyone involved,0,0
pm finally given verdict covid nhs stay hospital dont understand nurses want pay recomendation,0,1
man utd painful watch,0,0
apple tv invasion never confused anything life,0,0
scott bain keeper world doesnt use hands,1,0
theres nothing wrong eating whole camembert right,0,0
cause funny,0,0
remember didnt see new rules months,0,0
among us vr laugh,1,0
complained terry burton saying fit travel official coaches,0,0
john mcginn good player,0,0
cold bed,0,0
wrote wind bobbin shot strangled least psychologically tortured long,1,0
pleasure today choir fantastic represented school tremendously,0,0
wonderful human population caring nature animals continue drink milk eat day day,1,1
major party opposes ridiculous covid measures ill give clue isnt labour lib dems snp plaid etc,1,0
done,0,0
never saw film tv show put new york city,0,0
dominic raab fucking clown pretty sure crimes happen able investigate rather imaginary possibilities,1,0
dreading going christmas shopping antivax antimask sister weekend,0,0
think something special happening tim harris promotion becoming real possibility,0,0
jackos wheel wheel jackos wheel,1,0
thats enough activism today x,1,0
using bob burner phone zoom,0,0
love diagram little something missing power authoritarianism oppression ensure cant challenge economic power grab,1,0
jobwatchthursday plus dont panic yet,1,0
went terrible restaurant today food cold hard flavor awful point needed drink bite,0,0
pleasant green new fav yt channel,0,0
temp c humidity rain today mm barometer hpa falling slowly wind mph sse windrun mi gust mph,1,0
look anagrams everyone vaccinated,0,0
ohare vik play kelly screening gaps defence,0,0
thank response rd carriage might help next time,0,0
will always sensible visitors coming spain,0,0
someone explain chase rules whats low offers n mean minus,1,0
first time first day im actually looking forward hope goes anything day ill disappointed,0,0
oldham mins agonow,0,0
boy sure love constantly misgendered cis relatives family gatherings,1,1
dont care anyone says true amp problem havent one cabaye left,0,0
womens football actually bad might fastest best ball put much effort male counterparts,1,0
well least covid situation seems improving time christmas,1,1
im sick tired ordering take away arrive mostly cold wtf paying exactly pizza wasnt cut im paying half freaking job point,1,0
way people wear trousers matter people perhaps better use time focus,1,0
hours left apply deadline pm today,0,0
dont know single person youtube premium,0,0
love pet woolly mammoth,0,0
company keep arms length,1,0
wind mph sw barometer hpa falling slowly temperature c rain today mm humidity,1,0
st george slob,0,0
laughed hard replies,1,0
cant wait spend christmas family maybe one year ill boyfriend keep everyone quiet,1,0
cant remember last time won bt,0,0
beautiful,0,0
dont mind spreading word,0,0
christmas hope either vaccinated wear mask omicron variant going give us nice christmas gift deciding spread amongst people,0,0
points whites curry tea happy days,1,0
best strictly semi final,0,0
amount disrespect cristiano ronaldo gets twitter crazy people werent moving rejoined man utd,0,0
tickets ewan mcvicar fubar free gees dm,0,0
enjoy work option mixture part time wanted rest time,0,0
dont mind getting work long customers stressed quite enjoy,0,0
plan now non compliance scared last us shameful scientific predictions,0,0
love politicians exempt social distancing restrictions placed general public,1,1
clever people actually ability clever repeat everything think know,1,1
far will laugh anyone near buy great set people,1,0
supporting artists acrylic seascape artist new follower jmwartist,0,0
,0,0
suffering train lagall dibbidy dum dibbidy dum scrambled brain retained tory lies dna cell,1,0
politics nowadays focused talking actually things say will,0,0
genuinely wanna know deformed gene body decided taking level history good idea,1,0
birds real tell,1,1
got really angry moment realised,0,0
teach curriculum sometimes involved teaching controversies racial injustice,0,0
bbc news earth independent sage member especially politically inspired doomster christina pagel,1,0
interact drunk men im gonna lose,1,0
clapped post twice now,1,0
west ham beat chelsea really really happen dream o e shock never thought see day,1,1
targeted miles calendar year variety cycling apparatus n bikes less go now might even finished crimbo,0,0
oh dear didnt see coming,0,0
masks work thats dont wear pubs shops,1,1
lets cut funding social services possibly go wrong,1,1
hard book jab turn jabbed wait bit life bother,0,1
tomorrow night loxley thats tweet,1,0
work event require purchase use wine fridge,1,0
wearing shorts today beach matter,1,0
reckon easier home town ordered deliveroo,1,0
shrinkflation serious economic phenomenon affects lowestpaid society process captured eloquently sad degradation sturdy digestive,1,0
change tacticgo bed early early seems worked thashes day,0,0
john barnes obviously years early formation,0,0
bit far fetched call stratton naive naive believing touting rules werent flouting,1,0
dont mean knew membership plummeted one reason another kept quiet revealed someone asked,1,0
back treatment skipper sackeymensah makes vital last ditch tackle deny sandbach shot goal loughborough sandbach utd,0,0
days year old,1,0
crowd think best years think,0,0
hermes worst delivery company going delivered package wrong address made wait day,0,0
five minutes peace car chaos ensues im taking five seven year olds bowling school possibly go wrong,1,0
mad think last saw sister last august didnt chance wrap last years presents gotta go seek find weekend,0,0
officially announced yesterday one died omicron emerged cases one hardly symptoms wasnt even bad raging cold months ago people test infected find many mild moderate symptoms disclose,1,0
often antivaxxers others told turn mean heard,1,0
dont phd immunology probably arent qualified comment effectiveness vaccine,0,0
new intel uhd gpu powerful think atari nes games run fps wow,1,1
theres one flat mate left hes loud whats reason,1,0
daaaad tell bobby quick looking,0,0
ya big people dance play reggae knock version big tune,1,0
hate going back work monday morning wish still weekend,0,0
please sign nearly signatures keep fighting,0,0
think pigs will fly people start pulling fingers work,1,1
slapped nuts shower,1,0
skype calls cash meets available today mcr feeling hungover extra mean hahaha dm violated findom paypig finsub humanatm cashcow moneyslave cashslave femdom findomme footfetish footworship footslave skype cashapp cashmeets,1,0
want christmas booster jab,0,0
see govt run lateral flow tests shock,1,1
anyone play chess online,0,0
love clearly make restaurant aware dietary conditions ignore,1,1
nice collective boo boris set last night,1,0
gtgjp richard gnp buckden pike m pts cw rbnhole gzfe wpm db snr rbnhole,0,0
read ns article ponder two sides every story,0,0
good job dropped beese isnt,1,0
hello john sorry beijing agreed annual leave received text position cover requested shift earlier morning,1,0
great work everyone da iawn,0,0
youthful friends nearing months postjab time x,1,0
ah really needed vaccine booster address boris johnson wasnt anything getting media report something downing street christmas parties,1,1
dont want marcos alonso playing club anymore rid,0,0
put respect carrieanne mosss name geoff shes better game keanus,0,0
win mighty wights away turf team performance wights,0,0
worst time holiday,0,1
barman cant open bottle beer aint speeding along,0,0
love politics talk action,1,1
christmas time kills man yano,1,0
actually really really hope tomorrow verstappen winds end,1,0
keeps coming,0,0
sharing caring im sure followers wouldnt slept tonight update,1,1
please remember take belongings well might let infernal train,1,0
boris johnson decided join police morning looked great hat think will make competent police officer indeed,1,1
microsoft develops windows sometimes turn blue screen death black development testing,1,0
climate change isnt real us hurricanes recorded history deadly tornados wildfires,1,1
mctominay playing well superb,0,0
worst side thats carra season gash,0,0
free header levi handley cross cant guide wide keeper,0,0
play well always concede,1,0
really busy day might manage one box set today,1,1
ive best day sorting referencing annotations zzzzzz,0,1
wish weather nicer weekend,0,0
jack doyle will soon thrown bus johnson never johnsons fault always someone elses,1,0
lucky im going,0,0
mothers justice wasnt done never will truly won,0,0
tea appeared bedside hallelujah,0,0
man manager month,1,0
dont forget vote matty lee brilliant diver person help stay tonight x,0,0
week felt longest history possibly expensive,0,0
birds fascinating creatures birds able mimic human voice absolutely terrifying hearing bird mimic human speech seems otherworldly moment makes birds seem arent really,0,0
well played today safe travels back well see april,1,0
turned nice see insert photo flooded house,0,1
dont mandate mask wearing allow choice,1,0
us uk gc going mental difference names baked goods howling,0,0
love legend,0,0
need quit executive dysfunction fr,1,0
think give bo jo break possibly known cheese wine party going house,1,1
another day another end another working week lets see next one goes,0,0
think going stop watching football north london,0,0
sad meeting looking forward catching everyone,0,0
see itv new drama starting next week think police detective personal problems ill make change,0,1
brentford manager swearing tv,1,0
hey need stop wearing much perfume stinking room,0,0
riches grab em,1,0
think let touch actually correct scone right shame,1,0
explained rid tyrants whatever works got capone tax dodging doesnt mean thats got,1,0
im going ghetto golf tuesday,1,0
thank lovely friend mentioning heelas new woods new ep going make way everything list,0,0
dont know booster jab booked next friday,0,0
thank much lovely review mandy im delighted enjoyed,0,0
id lot parachute active volcano,1,0
made laugh cap,1,0
ugh cant believe back gone start annual leave point need putting,0,0
think boris johnson deserves parties great job country past years,1,1
serious bo issue office,1,0
couldve went shaynes gaff went litherland instead kai december,0,0
dated november th still use see problem yet,0,0
two weeks til christmas havent bought single present piece,0,0
proof unjustified victimisation,0,0
saw huge convoy mercs bonzen outside eeas yesterday afternoon al called borrell,0,0
infuriates much wear mask vaccinated,1,0
based governments handling covid pandemic far im sure christmas will disaster,1,0
police clearly nothing better,1,1
imply friend tendency unthinkingly judgemental often revels knowledgeable ignorance,0,0
ive seen felt deserved retweet honesty xx,1,0
omg earth pen,1,0
bringing kanye drake tl near,1,0
love women referred girl boss men boss,1,1
fact people still dont need distance wear mask generally pay attention hygiene far pandemic gives great confidence future humanity,1,1
